<?xml version="1.0" encoding="UTF-8"?>
<project-private xmlns="http://www.netbeans.org/ns/project-private/1">
    <editor-bookmarks xmlns="http://www.netbeans.org/ns/editor-bookmarks/2" lastBookmarkId="0"/>
    <open-files xmlns="http://www.netbeans.org/ns/projectui-open-files/2">
        <group>
            <file>file:/C:/Users/Elias%20Rocha/Documents/NetBeansProjects/PRACTICA%205%20Y%206/web/Acceso.jsp</file>
            <file>file:/C:/Users/Elias%20Rocha/Documents/NetBeansProjects/PRACTICA%205%20Y%206/web/index.jsp</file>
            <file>file:/C:/Users/Elias%20Rocha/Documents/NetBeansProjects/PRACTICA%205%20Y%206/web/Formulario.css</file>
            <file>file:/C:/Users/Elias%20Rocha/Documents/NetBeansProjects/PRACTICA%205%20Y%206/src/java/Controlador/login.java</file>
            <file>file:/C:/Users/Elias%20Rocha/Documents/NetBeansProjects/PRACTICA%205%20Y%206/web/imagenes/user-3365840_960_720.png</file>
            <file>file:/C:/Users/Elias%20Rocha/Documents/NetBeansProjects/PRACTICA%205%20Y%206/web/Formulario.html</file>
            <file>file:/C:/Users/Elias%20Rocha/Documents/NetBeansProjects/PRACTICA%205%20Y%206/web/acceso.css</file>
            <file>file:/C:/Users/Elias%20Rocha/Documents/NetBeansProjects/PRACTICA%205%20Y%206/web/Cookie.jsp</file>
        </group>
    </open-files>
</project-private>
